{
  "best_model": "Logistic Regression",
  "metrics": {
    "model": "Logistic Regression",
    "accuracy": 0.9342460817870654,
    "precision": 0.9370022205812696,
    "recall": 0.9342460817870654,
    "f1_score": 0.9340972192649247,
    "top3_accuracy": 0.9968474148802018,
    "training_time": 18.894814252853394,
    "training_time_formatted": "18.89s"
  },
  "training_date": "2026-05-11 20:43:36",
  "num_features": 377,
  "num_classes": 50,
  "test_size": 0.2,
  "random_state": 42
}